ax,ay,az,gx,gy,gz
-0.063,-0.026,1.177,-1.534,0.069,-2.145
-0.051,-0.029,1.175,-1.466,0.145,-2.252
-0.060,-0.036,1.179,-1.389,0.511,-1.977
-0.059,-0.033,1.180,-1.565,0.305,-2.145
-0.058,-0.037,1.171,-1.573,0.183,-2.069
-0.054,-0.032,1.174,-1.573,0.511,-2.084
-0.056,-0.029,1.176,-1.389,-0.031,-2.115
-0.062,-0.030,1.171,-1.435,0.115,-2.099
-0.057,-0.039,1.166,-1.595,0.275,-2.298
-0.059,-0.027,1.173,-1.466,0.092,-2.099
-0.061,-0.026,1.177,-1.321,0.038,-2.053
-0.056,-0.021,1.166,-1.435,0.252,-2.145
-0.057,-0.029,1.177,-1.466,0.664,-2.069
-0.057,-0.032,1.174,-1.458,0.252,-2.008
-0.063,-0.040,1.170,-1.168,0.366,-2.031
-0.058,-0.032,1.164,-1.443,0.214,-2.176
-0.057,-0.028,1.171,-1.550,-0.160,-2.214
-0.062,-0.031,1.168,-1.298,0.160,-2.076
-0.055,-0.029,1.173,-1.313,0.557,-1.931
-0.059,-0.033,1.167,-1.321,0.473,-2.046
-0.056,-0.029,1.179,-1.420,1.153,-1.908
-0.064,-0.029,1.173,-1.221,0.870,-2.107
-0.056,-0.026,1.168,-1.405,1.053,-2.145
-0.059,-0.035,1.167,-1.359,1.450,-1.947
-0.056,-0.031,1.175,-1.252,0.740,-2.031
-0.061,-0.029,1.172,-1.557,0.817,-2.084
-0.061,-0.033,1.165,-1.405,0.718,-2.038
-0.058,-0.026,1.165,-1.374,1.053,-2.000
-0.053,-0.022,1.181,-1.305,1.107,-1.954
-0.060,-0.028,1.182,-1.496,2.000,-1.969
-0.060,-0.028,1.174,-1.725,2.221,-2.031
-0.055,-0.032,1.167,-2.023,1.802,-2.206
-0.062,-0.029,1.173,-2.237,2.557,-1.985
-0.064,-0.035,1.164,-2.557,2.466,-2.092
-0.073,-0.117,1.164,-2.496,3.397,-1.947
-0.080,-0.004,1.173,-3.855,3.198,-0.992
-0.111,0.000,1.178,-3.183,4.252,1.351
-0.080,-0.048,1.197,-2.344,2.336,2.031
-0.023,-0.059,1.141,-2.542,1.748,2.053
-0.066,-0.059,1.180,-1.740,1.443,0.282
-0.053,-0.063,1.164,-1.244,1.496,-0.901
-0.060,-0.032,1.170,-1.550,2.229,-1.870
-0.078,-0.024,1.175,-1.611,1.046,-1.901
-0.064,-0.028,1.169,-1.878,-1.435,-1.863
-0.065,-0.028,1.170,-1.313,-0.687,-1.611
-0.059,-0.031,1.171,-0.908,1.321,-1.534
-0.063,-0.031,1.172,-1.092,0.809,-1.847
0.003,-0.023,1.110,-1.153,1.252,-1.977
-0.066,-0.027,1.177,-1.015,0.282,-1.740
-0.059,-0.033,1.170,-1.099,0.038,-1.718
-0.067,-0.027,1.168,-0.985,-0.053,-1.740
-0.061,-0.035,1.161,-1.137,0.374,-1.908
-0.064,-0.034,1.173,-1.076,0.336,-1.702
-0.062,-0.036,1.167,-1.069,0.511,-1.863
-0.064,-0.029,1.175,-1.069,0.489,-1.985
-0.068,-0.030,1.168,-1.282,0.473,-2.000
-0.059,-0.029,1.175,-0.924,0.038,-1.718
-0.065,-0.038,1.175,-1.305,0.176,-1.916
-0.064,-0.033,1.162,-1.298,0.565,-1.901
-0.060,-0.036,1.166,-1.137,0.405,-1.779
-0.066,-0.037,1.170,-1.191,0.481,-2.023
-0.064,-0.032,1.163,-1.267,0.267,-1.771
-0.064,-0.029,1.163,-1.076,0.107,-1.947
-0.070,-0.026,1.168,-1.305,0.038,-2.153
-0.063,-0.033,1.170,-1.397,0.229,-2.053
-0.072,-0.027,1.166,-1.397,0.405,-2.053
-0.069,-0.032,1.171,-1.336,0.275,-2.023
-0.063,-0.039,1.173,-1.275,0.412,-1.855
-0.068,-0.032,1.160,-1.160,0.550,-1.733
-0.052,-0.033,1.162,-1.351,0.817,-1.939
-0.065,-0.028,1.161,-1.458,0.672,-1.855
-0.061,-0.032,1.167,-1.405,0.656,-2.008
-0.059,-0.028,1.165,-1.405,0.023,-1.977
-0.067,-0.035,1.171,-1.466,0.252,-2.069
-0.062,-0.032,1.167,-1.336,0.321,-2.145
-0.068,-0.030,1.174,-1.313,0.115,-2.076
-0.066,-0.031,1.177,-1.168,0.382,-1.901
-0.072,-0.031,1.167,-1.244,0.511,-1.939
-0.067,-0.038,1.172,-1.565,0.229,-1.939
-0.063,-0.030,1.173,-1.473,0.305,-2.000
-0.065,-0.034,1.168,-1.634,0.374,-2.069
-0.062,-0.031,1.167,-1.420,0.305,-1.870
-0.120,0.005,1.178,-1.046,2.405,-1.160
-0.088,-0.036,1.214,-6.527,10.031,-2.183
-0.047,-0.045,1.140,-5.099,6.718,-1.351
-0.060,-0.007,1.142,-1.710,-2.099,-1.389
0.679,-0.778,1.645,-3.611,-39.046,-19.977
0.217,-0.141,1.264,7.153,49.000,-51.534
0.112,0.239,1.222,10.099,20.977,-80.573
-1.030,0.667,0.878,8.084,-45.107,36.687
-0.626,0.001,1.220,9.710,-59.443,113.366
-0.098,0.061,1.101,28.366,-5.260,112.443
-0.416,-0.115,1.304,15.099,-6.695,100.344
-0.627,-0.064,1.157,6.931,-35.206,108.336
-0.516,0.083,1.313,9.053,-50.412,102.527
-0.251,-0.212,1.485,17.824,-76.221,104.107
0.120,-0.326,1.475,30.710,-110.740,63.550
0.388,-0.268,1.610,48.710,-136.366,6.855
0.484,-0.125,1.687,74.061,-176.771,-33.153
0.477,0.076,1.485,82.336,-222.649,-41.046
0.202,-0.032,1.415,83.878,-250.137,-57.809
0.267,0.001,1.400,90.641,-250.137,-74.634
0.287,0.042,1.290,98.618,-250.137,-81.740
0.297,0.138,1.227,113.573,-250.137,-84.153
0.336,0.193,1.129,123.947,-250.137,-75.611
0.343,0.190,1.044,133.214,-250.137,-63.145
0.444,0.194,0.787,142.389,-250.137,-52.229
0.519,0.200,0.822,149.420,-250.137,-49.893
0.583,0.184,0.575,157.527,-250.137,-53.779
0.530,0.244,0.717,158.237,-227.069,-42.076
0.535,0.310,0.778,159.420,-189.687,-28.321
0.470,0.476,0.762,164.901,-203.679,-18.374
0.613,0.500,0.675,168.580,-217.656,-12.618
0.739,0.445,0.687,169.221,-207.374,-18.809
0.843,0.448,0.437,158.573,-167.786,-12.771
0.777,0.617,0.398,122.832,-122.847,1.237
0.700,0.590,0.631,73.389,-103.550,24.878
0.701,0.472,0.760,42.420,-127.664,24.122
0.675,0.444,0.698,19.908,-134.198,12.557
0.649,0.454,0.630,4.542,-133.069,0.466
0.703,0.487,0.528,-3.374,-123.328,-3.313
0.819,0.512,0.479,-7.237,-88.817,2.305
0.865,0.523,0.436,-11.557,-62.153,9.573
0.854,0.518,0.427,-11.672,-45.534,16.817
0.874,0.515,0.416,-8.908,-29.962,21.305
0.868,0.538,0.413,-6.901,-15.290,25.802
0.855,0.523,0.407,-5.183,3.992,28.076
0.822,0.478,0.464,-6.832,18.832,29.321
0.812,0.480,0.424,-11.985,12.527,29.160
0.820,0.459,0.440,-16.000,11.603,29.351
0.860,0.425,0.444,-16.931,11.618,31.626
0.843,0.374,0.440,-14.374,12.748,35.885
0.838,0.368,0.418,-9.221,24.183,41.763
0.863,0.361,0.422,-6.076,31.244,45.496
0.842,0.348,0.485,-2.618,32.901,45.420
0.876,0.334,0.539,0.229,33.824,43.420
0.888,0.337,0.564,-1.305,41.702,47.336
0.912,0.312,0.554,-5.626,62.534,55.420
0.879,0.316,0.549,-12.183,90.977,58.977
0.870,0.316,0.558,-18.267,126.763,59.275
0.867,0.254,0.613,-24.244,146.214,58.695
0.887,0.271,0.609,-28.718,155.924,59.305
0.878,0.272,0.617,-30.748,173.802,61.779
0.848,0.276,0.632,-28.450,202.809,67.176
0.809,0.238,0.639,-25.244,236.809,73.824
0.795,0.167,0.699,-21.916,250.130,73.282
0.687,0.204,0.757,-24.443,250.130,71.046
0.666,0.225,0.739,-28.130,234.000,65.588
0.592,0.125,0.741,-31.336,212.626,57.237
0.543,0.056,0.789,-33.351,198.542,40.595
0.519,0.097,0.779,-34.061,207.389,14.115
0.528,0.165,0.752,-37.847,243.000,-5.008
0.594,0.122,0.737,-45.527,250.130,-16.313
0.525,0.036,0.799,-53.107,250.130,-26.374
0.424,-0.020,0.875,-57.847,250.130,-37.511
0.378,-0.002,0.913,-60.061,250.130,-45.885
0.394,0.046,0.827,-45.557,250.130,-45.176
0.346,0.086,0.821,-13.496,250.130,-35.282
0.273,0.128,0.929,15.267,250.130,-24.870
0.162,0.119,1.114,26.336,250.130,-20.527
0.045,0.067,1.249,21.107,250.130,-24.153
-0.023,0.059,1.357,10.351,243.397,-28.740
-0.022,0.147,1.401,-8.771,234.718,-32.733
-0.026,0.240,1.420,-27.916,223.443,-30.496
-0.063,0.260,1.403,-39.870,201.771,-23.198
-0.089,0.207,1.331,-44.267,162.969,-15.237
-0.128,0.219,1.256,-41.977,129.641,-8.191
-0.211,0.229,1.147,-34.885,112.031,-1.031
-0.271,0.144,1.013,-32.786,145.061,-0.679
-0.425,0.064,1.022,-35.672,194.679,-7.183
-0.531,0.018,1.010,-40.244,238.710,-21.901
-0.623,0.026,1.054,-42.534,250.130,-38.496
-0.599,0.078,1.087,-46.214,250.130,-52.359
-0.571,0.067,1.086,-51.672,250.130,-55.634
-0.606,0.095,1.107,-53.664,250.130,-56.656
-0.545,0.046,0.992,-58.145,250.130,-45.809
-0.613,0.022,0.935,-60.015,250.130,-36.565
-0.815,-0.078,0.854,-58.794,250.130,-36.145
-0.997,-0.209,0.741,-57.420,250.130,-46.427
-1.069,-0.323,0.629,-55.038,250.130,-67.015
-1.027,-0.276,0.542,-50.153,250.130,-85.031
-0.826,-0.074,0.572,-41.519,250.130,-91.298
-0.664,0.112,0.677,-33.763,250.130,-77.580
-0.612,0.158,0.716,-37.473,250.130,-45.542
-0.742,0.033,0.761,-44.145,250.130,-13.076
-0.895,-0.131,0.547,-50.038,231.489,-4.229
-1.027,-0.195,0.396,-59.336,223.519,-9.260
-1.123,-0.200,0.279,-64.076,221.954,-16.664
-1.117,-0.204,0.189,-69.985,213.397,-25.885
-1.050,-0.156,0.119,-70.840,213.687,-31.015
-1.021,-0.078,0.101,-68.855,214.504,-29.206
-1.020,-0.102,0.118,-62.267,193.863,-26.519
-1.021,-0.093,0.028,-51.718,169.679,-23.832
-1.044,-0.104,0.065,-40.275,147.252,-18.893
-1.014,-0.095,-0.062,-29.763,124.557,-16.611
-1.030,-0.104,0.006,-24.611,111.237,-14.672
-1.043,-0.103,-0.020,-21.198,99.718,-11.298
-1.044,-0.101,-0.021,-20.489,91.168,-12.641
-1.015,-0.070,-0.061,-27.084,94.466,-14.000
-1.013,-0.102,-0.026,-31.817,99.023,-13.328
-1.016,-0.094,-0.035,-35.313,89.649,-14.107
-0.982,-0.097,-0.083,-34.191,69.901,-13.275
-0.931,-0.038,-0.160,-28.244,52.053,-11.000
-0.916,-0.039,-0.164,-20.977,38.191,-8.137
-0.906,-0.042,-0.193,-14.252,33.588,-5.313
-0.893,-0.047,-0.203,-11.336,40.947,-1.740
-0.892,-0.065,-0.200,-11.634,51.840,1.366
-0.884,-0.090,-0.207,-13.076,60.695,2.313
-0.866,-0.097,-0.201,-18.771,74.191,1.809
-0.877,-0.127,-0.213,-19.908,79.672,0.298
-0.866,-0.102,-0.134,-25.695,84.962,-2.817
-0.800,-0.103,-0.216,-32.931,98.130,-2.359
-0.776,-0.106,-0.217,-41.534,105.725,0.366
-0.740,-0.103,-0.296,-47.802,105.832,3.977
-0.749,-0.104,-0.284,-49.496,101.565,6.580
-0.774,-0.087,-0.301,-49.763,97.901,8.443
-0.792,-0.088,-0.316,-47.687,87.695,10.718
-0.775,-0.108,-0.403,-43.771,77.328,12.198
-0.745,-0.116,-0.452,-39.748,72.733,12.924
-0.743,-0.116,-0.470,-36.611,72.191,14.824
-0.757,-0.084,-0.449,-35.168,69.962,18.130
-0.769,-0.099,-0.495,-29.168,59.679,20.595
-0.784,-0.081,-0.490,-21.176,47.427,22.015
-0.784,-0.103,-0.489,-11.176,28.412,22.389
-0.807,-0.104,-0.441,-2.893,6.008,22.237
-0.813,-0.102,-0.462,3.550,-15.427,20.550
-0.807,-0.083,-0.441,7.954,-31.282,17.420
-0.812,-0.092,-0.413,10.786,-45.702,14.771
-0.792,-0.106,-0.395,12.298,-62.221,13.092
-0.786,-0.101,-0.363,14.924,-86.901,13.458
-0.787,-0.100,-0.360,18.412,-110.191,14.504
-0.813,-0.115,-0.333,23.863,-138.802,15.832
-0.845,-0.097,-0.311,31.565,-166.954,17.664
-0.869,-0.080,-0.290,38.855,-191.809,20.450
-0.903,-0.125,-0.268,47.550,-218.427,22.221
-0.952,-0.147,-0.233,55.328,-245.435,24.221
-0.952,-0.150,-0.201,62.496,-250.137,25.130
-0.942,-0.095,-0.159,76.649,-250.137,18.809
-0.966,-0.097,-0.082,87.756,-246.611,9.229
-0.848,-0.146,-0.188,93.031,-248.618,7.115
-0.943,-0.135,0.102,95.947,-250.137,4.649
-0.949,-0.128,0.164,100.176,-250.137,0.397
-0.942,-0.085,0.213,106.733,-250.137,-1.557
-0.936,-0.062,0.267,109.183,-250.137,0.260
-0.907,-0.078,0.299,106.649,-250.137,5.031
-0.887,-0.069,0.296,102.168,-250.137,10.794
-0.858,-0.050,0.291,96.313,-250.137,16.214
-0.891,-0.068,0.382,93.061,-240.031,20.466
-0.900,-0.062,0.399,88.206,-229.580,21.198
-0.911,-0.056,0.463,85.260,-222.328,22.008
-0.880,-0.050,0.542,84.198,-222.198,22.733
-0.855,-0.075,0.652,83.618,-235.450,24.183
-0.810,-0.056,0.726,83.092,-250.137,23.832
-0.752,-0.014,0.682,87.832,-250.137,25.412
-0.720,0.022,0.734,93.321,-250.137,29.084
-0.672,0.023,0.835,97.908,-250.137,34.985
-0.591,0.071,0.829,97.626,-250.137,42.137
-0.533,0.083,0.858,97.450,-250.137,50.840
-0.519,0.114,0.934,92.802,-250.137,60.168
-0.516,0.119,0.971,92.504,-250.137,65.847
-0.536,0.100,1.024,92.130,-250.137,65.458
-0.482,0.140,1.007,89.931,-250.137,59.176
-0.372,0.169,0.892,88.695,-250.137,51.099
-0.322,0.222,0.954,88.832,-250.137,45.420
-0.264,0.269,0.984,91.015,-250.137,42.023
-0.169,0.285,1.019,91.634,-250.137,37.992
-0.047,0.281,1.084,89.481,-250.137,34.038
0.052,0.316,1.140,80.710,-250.137,31.282
0.142,0.382,1.175,67.443,-240.214,31.237
0.217,0.412,1.215,52.061,-230.756,35.832
0.253,0.430,1.215,42.542,-236.603,44.687
0.300,0.420,1.222,37.046,-250.137,51.702
0.288,0.389,1.179,36.649,-250.137,57.550
0.262,0.360,1.093,39.389,-250.137,57.160
0.295,0.342,1.082,38.122,-250.137,49.756
0.394,0.329,1.056,33.603,-250.137,39.328
0.486,0.374,0.973,29.916,-250.137,35.008
0.557,0.409,0.924,26.954,-237.191,35.847
0.632,0.411,0.966,22.183,-208.710,37.779
0.708,0.395,0.979,14.702,-196.695,38.863
0.729,0.407,0.932,8.099,-194.779,41.641
0.722,0.391,0.866,4.481,-182.847,45.008
0.761,0.363,0.829,1.443,-170.893,45.580
0.793,0.371,0.792,1.260,-163.412,48.664
0.814,0.363,0.756,1.962,-137.015,51.481
0.841,0.327,0.776,-2.061,-114.405,53.779
0.820,0.315,0.772,-8.656,-96.931,53.588
0.777,0.278,0.779,-18.977,-84.061,52.649
0.801,0.265,0.727,-29.420,-60.870,46.863
0.794,0.252,0.686,-37.527,-42.122,42.176
0.791,0.258,0.691,-44.275,-38.061,40.221
0.790,0.252,0.680,-49.191,-41.626,38.985
0.829,0.249,0.615,-48.954,-39.305,39.038
0.845,0.228,0.629,-43.740,-25.122,40.519
0.901,0.239,0.641,-36.901,-5.855,42.427
0.938,0.266,0.675,-34.061,4.580,48.267
0.943,0.251,0.685,-33.122,14.588,55.740
0.935,0.275,0.720,-34.824,19.183,63.664
0.911,0.265,0.728,-37.061,16.389,71.916
0.834,0.213,0.720,-37.931,17.336,77.649
0.766,0.149,0.723,-37.725,19.069,77.290
0.724,0.110,0.747,-35.901,15.374,71.336
0.741,0.071,0.718,-35.740,15.221,62.679
0.804,0.096,0.685,-38.252,22.328,55.427
0.933,0.168,0.701,-37.321,37.389,56.344
1.043,0.195,0.716,-37.817,56.176,64.008
1.072,0.227,0.749,-42.221,72.802,77.656
1.023,0.190,0.790,-50.313,59.527,90.359
0.914,0.139,0.787,-53.908,40.191,97.794
0.812,0.062,0.769,-52.962,29.863,101.191
0.790,-0.007,0.725,-53.504,31.397,98.099
0.790,0.003,0.723,-54.656,33.649,93.084
0.789,-0.049,0.719,-54.710,21.863,92.618
0.829,-0.046,0.716,-51.153,11.328,92.832
0.819,-0.042,0.756,-47.939,13.061,94.290
0.930,-0.052,0.696,-47.832,34.229,96.947
0.937,-0.029,0.665,-56.137,74.710,102.282
0.862,-0.125,0.607,-72.466,127.771,104.412
0.750,-0.280,0.514,-85.809,166.198,100.756
0.587,-0.373,0.521,-88.122,183.664,89.656
0.526,-0.427,0.546,-75.198,176.649,74.275
0.597,-0.416,0.548,-53.145,183.183,61.725
0.632,-0.347,0.547,-35.779,203.115,54.053
0.634,-0.324,0.637,-26.855,218.427,50.321
0.617,-0.298,0.765,-20.328,222.527,50.786
0.581,-0.263,0.859,-15.473,230.008,55.542
0.552,-0.249,0.948,-13.267,245.313,60.053
0.470,-0.252,1.045,-23.214,250.130,65.802
0.343,-0.294,1.211,-26.771,237.282,69.282
0.229,-0.292,1.422,-26.458,184.573,70.573
0.110,-0.376,1.472,-28.328,119.145,66.420
0.032,-0.438,1.460,-31.649,62.336,55.336
0.051,-0.434,1.388,-37.000,33.405,40.527
0.172,-0.406,1.326,-47.107,23.756,27.122
0.202,-0.406,1.244,-52.626,12.779,24.977
0.175,-0.451,1.212,-46.374,-5.794,21.282
0.162,-0.502,1.206,-37.603,-29.626,15.496
0.170,-0.543,1.204,-30.038,-52.099,5.824
0.241,-0.556,1.238,-25.198,-75.046,-5.695
0.355,-0.537,1.207,-25.336,-104.527,-13.046
0.455,-0.520,1.124,-27.840,-115.435,-14.916
0.516,-0.518,1.029,-32.015,-115.237,-14.229
0.563,-0.506,0.942,-33.183,-104.374,-10.954
0.568,-0.487,0.996,-28.824,-92.145,-6.076
0.502,-0.515,1.044,-29.725,-111.412,-4.489
0.434,-0.551,0.986,-31.000,-126.771,-7.656
0.345,-0.609,0.980,-28.160,-145.115,-14.779
0.355,-0.581,0.953,-26.802,-170.298,-26.885
0.548,-0.476,0.973,-27.229,-177.153,-33.802
0.643,-0.383,1.001,-33.298,-176.809,-31.656
0.706,-0.397,0.933,-44.305,-186.794,-23.405
0.632,-0.448,0.912,-55.718,-194.901,-16.496
0.591,-0.500,0.790,-65.931,-200.321,-19.847
0.618,-0.496,0.670,-76.046,-209.344,-23.214
0.700,-0.517,0.549,-75.160,-190.580,-27.252
0.694,-0.549,0.530,-65.359,-170.305,-28.366
0.684,-0.568,0.546,-49.992,-163.847,-30.321
0.736,-0.530,0.549,-36.130,-154.313,-34.740
0.803,-0.488,0.554,-31.061,-136.756,-32.580
0.871,-0.467,0.539,-32.344,-115.328,-27.489
0.865,-0.444,0.545,-35.496,-105.015,-21.183
0.828,-0.487,0.574,-35.374,-101.336,-17.618
0.802,-0.495,0.580,-33.038,-103.969,-17.046
0.806,-0.522,0.565,-30.076,-106.924,-17.626
0.787,-0.519,0.579,-29.580,-108.122,-20.115
0.775,-0.527,0.589,-31.076,-108.008,-23.947
0.780,-0.500,0.546,-33.366,-112.366,-27.000
0.781,-0.499,0.522,-33.374,-123.000,-29.260
0.781,-0.507,0.509,-30.740,-133.183,-33.076
0.774,-0.511,0.482,-28.695,-141.092,-37.863
0.806,-0.494,0.429,-30.328,-143.969,-42.450
0.829,-0.463,0.390,-33.702,-145.992,-45.435
0.892,-0.442,0.351,-37.160,-148.092,-48.046
0.895,-0.404,0.281,-41.954,-145.893,-46.931
0.915,-0.402,0.208,-45.176,-143.420,-45.099
0.997,-0.404,0.143,-44.710,-123.809,-42.786
0.985,-0.405,0.161,-42.542,-112.534,-38.015
0.952,-0.424,0.186,-39.947,-116.290,-34.145
0.914,-0.390,0.164,-40.489,-132.695,-38.198
0.933,-0.463,0.137,-44.061,-144.847,-45.260
0.936,-0.403,0.101,-47.229,-151.366,-46.290
1.002,-0.400,0.057,-52.473,-146.015,-48.947
1.001,-0.330,0.045,-58.191,-150.015,-48.290
0.963,-0.320,-0.024,-62.969,-161.214,-45.679
0.892,-0.368,-0.063,-64.809,-172.817,-49.191
0.885,-0.396,-0.069,-63.000,-177.672,-58.023
0.970,-0.333,-0.152,-57.443,-167.817,-59.962
1.006,-0.317,-0.274,-47.061,-140.053,-52.160
0.994,-0.309,-0.314,-36.672,-114.496,-45.702
0.921,-0.309,-0.304,-30.489,-95.061,-42.908
0.850,-0.332,-0.274,-28.023,-85.557,-45.954
0.840,-0.320,-0.286,-25.168,-75.046,-49.557
0.924,-0.255,-0.311,-22.748,-62.359,-50.939
1.016,-0.176,-0.329,-24.389,-44.298,-45.252
1.032,-0.161,-0.303,-26.244,-33.031,-36.756
1.019,-0.130,-0.251,-22.473,-33.664,-32.153
1.039,-0.111,-0.244,-17.802,-40.641,-28.023
1.065,-0.152,-0.266,-13.580,-36.954,-21.015
1.060,-0.148,-0.267,-10.611,-23.641,-12.122
1.028,-0.170,-0.241,-10.282,-11.802,-4.855
0.964,-0.180,-0.203,-10.794,-9.534,-1.260
0.918,-0.198,-0.175,-10.771,-16.107,-0.702
0.900,-0.198,-0.219,-12.557,-22.565,0.496
0.898,-0.203,-0.283,-15.511,-22.618,3.397
0.907,-0.192,-0.353,-17.809,-15.824,7.702
0.936,-0.163,-0.431,-16.145,-3.481,15.298
0.919,-0.129,-0.469,-10.053,1.397,24.786
0.911,-0.148,-0.514,-0.893,9.908,32.412
0.822,-0.220,-0.546,16.328,26.198,36.221
0.892,-0.162,-0.340,30.588,32.557,44.359
0.814,-0.192,-0.301,31.069,33.076,48.863
0.767,-0.266,-0.241,31.160,37.679,49.756
0.742,-0.330,-0.158,30.985,38.351,48.443
0.719,-0.339,-0.122,26.603,34.023,44.794
0.712,-0.319,-0.189,18.595,29.786,41.504
0.734,-0.349,-0.263,16.191,35.015,40.931
0.764,-0.332,-0.304,18.191,42.282,41.573
0.784,-0.324,-0.312,21.405,47.809,42.321
0.811,-0.328,-0.323,25.840,57.977,44.145
0.851,-0.326,-0.303,29.046,67.015,48.550
0.865,-0.364,-0.251,31.656,75.153,53.015
0.863,-0.421,-0.190,34.244,77.588,55.107
0.852,-0.452,-0.135,33.153,77.763,54.282
0.889,-0.444,-0.113,28.893,76.855,53.802
0.925,-0.434,-0.128,23.733,73.397,57.214
0.979,-0.438,-0.144,21.061,75.527,62.427
1.011,-0.442,-0.136,20.336,81.977,71.115
1.021,-0.455,-0.125,17.916,88.496,81.649
0.991,-0.481,-0.078,16.290,89.023,90.489
0.915,-0.518,-0.040,14.168,81.206,95.473
0.849,-0.562,-0.014,9.153,70.244,96.221
0.769,-0.605,0.003,3.779,60.137,97.534
0.624,-0.784,0.140,-3.649,45.519,92.817
0.591,-0.673,0.088,-16.305,29.924,83.206
0.632,-0.731,-0.129,-32.992,38.153,76.420
0.652,-0.708,0.037,-35.153,26.695,74.443
0.733,-0.646,-0.216,-37.069,29.435,70.450
0.782,-0.612,-0.127,-33.420,31.733,74.847
0.823,-0.644,-0.355,-28.519,44.015,78.931
0.768,-0.678,-0.284,-19.122,63.771,82.145
0.730,-0.681,-0.211,-11.053,72.412,86.710
0.722,-0.753,-0.293,-8.824,92.771,85.626
0.702,-0.733,-0.197,-3.634,98.389,84.794
0.691,-0.794,-0.076,5.954,108.260,80.794
0.688,-0.789,0.030,13.626,103.832,76.855
0.659,-0.776,0.095,12.069,86.756,73.550
0.630,-0.777,0.123,1.084,70.924,69.679
0.606,-0.778,0.157,-10.611,60.389,65.321
0.600,-0.746,0.158,-21.450,52.565,63.260
0.628,-0.816,0.148,-29.389,57.695,59.542
0.644,-0.792,0.110,-38.847,68.412,62.511
0.647,-0.772,0.116,-50.359,67.603,67.313
0.648,-0.800,0.155,-54.023,38.840,67.221
0.654,-0.758,-0.024,-49.649,23.229,67.588
0.647,-0.812,-0.025,-34.725,24.809,60.427
0.675,-0.850,-0.019,-22.336,29.267,59.817
0.632,-0.885,-0.113,-17.427,46.099,60.504
0.619,-0.915,-0.020,-14.031,66.519,57.076
0.575,-0.927,0.080,-9.496,52.931,46.427
0.608,-0.918,0.105,-4.099,24.496,32.122
0.702,-0.913,0.085,-1.687,17.405,20.397
0.725,-0.895,0.148,-0.359,8.359,11.244
0.721,-0.929,0.212,0.412,-18.855,7.863
0.685,-1.013,0.235,-0.847,-49.969,-0.122
0.594,-1.067,0.230,-8.885,-75.244,-13.710
0.595,-1.030,0.229,-23.664,-82.908,-34.557
0.616,-0.947,0.212,-41.252,-98.725,-52.321
0.666,-0.926,0.072,-52.718,-130.489,-70.595
0.649,-0.898,0.017,-59.237,-152.336,-82.794
0.625,-0.894,-0.037,-62.282,-151.122,-97.443
0.637,-0.885,-0.071,-66.863,-148.664,-110.191
0.725,-0.822,-0.187,-66.847,-142.275,-117.130
0.769,-0.772,-0.241,-62.305,-132.824,-119.313
0.793,-0.724,-0.280,-60.321,-122.740,-116.481
0.775,-0.709,-0.334,-57.450,-101.443,-114.977
0.637,-0.757,-0.317,-54.344,-91.351,-123.015
0.573,-0.766,-0.290,-57.061,-92.092,-140.969
0.473,-0.663,-0.271,-63.267,-103.595,-161.359
0.520,-0.635,-0.384,-73.611,-120.763,-185.366
0.573,-0.575,-0.446,-69.893,-122.107,-206.015
0.665,-0.461,-0.409,-59.496,-100.802,-220.832
0.664,-0.419,-0.234,-53.099,-101.649,-228.649
0.785,-0.323,-0.244,-59.603,-90.763,-226.359
0.701,-0.345,-0.160,-69.855,-78.863,-216.763
0.678,-0.245,-0.230,-83.817,-69.603,-213.130
0.616,-0.181,-0.371,-92.107,-58.863,-216.130
0.611,-0.115,-0.483,-89.794,-52.221,-222.275
0.565,-0.076,-0.532,-72.061,-37.733,-227.504
0.535,-0.043,-0.522,-50.779,-17.641,-233.756
0.580,-0.106,-0.377,-39.840,7.786,-235.137
0.652,-0.025,-0.255,-46.496,24.534,-236.122
0.695,0.098,-0.174,-60.718,27.374,-234.901
0.681,0.125,-0.156,-69.084,30.847,-234.893
0.689,0.103,-0.153,-72.718,35.893,-233.924
0.651,0.203,-0.199,-75.809,53.031,-229.908
0.677,0.309,-0.256,-80.511,65.160,-234.145
0.755,0.466,-0.355,-79.947,63.924,-238.359
0.913,0.602,-0.463,-64.420,61.718,-231.252
0.854,0.537,-0.493,-32.305,75.313,-219.397
0.718,0.373,-0.337,4.634,101.496,-209.748
0.591,0.349,-0.091,25.252,132.023,-214.382
0.493,0.368,0.192,21.832,136.176,-222.977
0.594,0.532,0.211,-6.290,134.168,-236.511
0.693,0.700,0.132,-38.191,141.588,-240.191
0.801,0.730,0.006,-64.634,161.374,-232.687
0.996,0.845,-0.184,-75.504,180.916,-215.542
1.123,0.972,-0.255,-61.290,176.969,-191.664
0.998,0.834,-0.144,-25.702,148.069,-169.863
0.968,0.675,-0.077,10.687,122.229,-151.939
0.909,0.726,0.030,23.992,131.603,-147.244
0.684,0.759,0.158,16.137,155.015,-143.366
0.643,0.714,0.191,-3.313,188.023,-133.031
0.558,0.741,0.250,-26.107,233.954,-123.183
0.489,0.680,0.222,-45.740,250.130,-116.000
0.422,0.756,0.309,-57.870,250.130,-115.053
0.507,0.777,0.451,-64.466,250.130,-120.321
0.582,0.817,0.570,-70.420,250.130,-131.069
0.682,0.842,0.589,-80.580,195.366,-142.405
0.768,0.870,0.604,-95.527,161.656,-143.969
0.837,0.842,0.513,-110.939,173.794,-125.947
0.762,0.803,0.553,-124.061,202.031,-105.710
0.636,0.820,0.580,-135.595,232.389,-91.336
0.532,0.801,0.564,-148.305,250.130,-84.420
0.462,0.796,0.559,-157.252,250.130,-80.038
0.417,0.776,0.587,-159.061,250.130,-82.252
0.359,0.846,0.641,-156.481,250.130,-91.824
0.191,0.830,0.721,-152.359,250.130,-104.733
0.073,0.795,0.760,-151.870,240.931,-119.878
0.087,0.795,0.751,-156.115,234.366,-134.595
0.129,0.780,0.751,-158.748,239.733,-142.649
0.170,0.685,0.712,-155.023,250.130,-138.351
0.169,0.647,0.771,-155.015,250.130,-132.229
0.094,0.579,0.781,-156.786,250.130,-126.557
0.090,0.595,0.745,-155.718,250.130,-124.504
0.070,0.569,0.749,-146.313,250.130,-118.756
-0.069,0.529,0.792,-128.168,244.954,-107.321
-0.220,0.551,0.873,-107.588,208.382,-102.878
-0.307,0.490,0.932,-93.443,172.412,-110.191
-0.343,0.445,1.047,-93.489,147.061,-131.420
-0.297,0.438,1.068,-106.557,137.328,-136.908
-0.294,0.477,1.049,-117.649,145.237,-123.893
-0.370,0.492,1.084,-118.092,150.061,-114.153
-0.444,0.483,1.154,-118.244,125.679,-116.389
-0.480,0.408,1.216,-121.924,92.901,-117.870
-0.524,0.332,1.245,-126.237,66.779,-115.740
-0.525,0.400,1.223,-134.313,71.321,-107.885
-0.615,0.456,1.108,-152.634,98.634,-112.145
-0.763,0.310,1.079,-169.748,116.084,-129.237
-0.799,0.173,1.078,-173.351,124.679,-138.527
-0.806,0.151,1.089,-170.939,144.763,-146.466
-0.846,0.245,1.135,-173.198,160.015,-157.405
-0.951,-0.083,1.195,-181.145,158.817,-174.084
-0.859,0.342,0.998,-193.282,149.427,-195.832
-0.742,0.089,0.927,-196.908,168.252,-204.000
-0.786,-0.057,0.842,-191.435,193.069,-203.443
-0.860,-0.141,0.832,-184.550,199.817,-202.427
-0.893,-0.214,0.727,-184.298,205.160,-206.710
-0.861,-0.271,0.666,-178.672,209.878,-211.328
-0.870,-0.303,0.634,-168.794,195.740,-220.794
-0.888,-0.407,0.547,-155.000,188.962,-218.847
-0.839,-0.451,0.519,-139.618,172.901,-212.267
-0.802,-0.560,0.471,-126.542,161.595,-208.580
-0.788,-0.581,0.433,-114.924,165.641,-210.084
-0.817,-0.538,0.403,-104.702,161.718,-209.214
-0.706,-0.593,0.358,-95.298,147.290,-207.313
-0.691,-0.710,0.359,-79.840,135.557,-200.107
-0.664,-0.743,0.403,-65.771,112.069,-192.168
-0.624,-0.809,0.385,-58.763,100.885,-183.267
-0.683,-0.746,0.401,-56.954,98.183,-170.382
-0.702,-0.807,0.325,-57.611,102.847,-166.443
-0.711,-0.841,0.316,-56.336,101.725,-165.427
-0.720,-0.863,0.328,-54.664,88.756,-163.954
-0.711,-0.908,0.330,-53.687,75.748,-161.405
-0.782,-0.941,0.335,-56.206,57.908,-164.466
-0.786,-0.951,0.214,-56.626,48.779,-166.924
-0.830,-0.830,0.136,-58.252,61.382,-171.511
-0.696,-0.869,0.059,-62.924,72.649,-179.618
-0.591,-0.896,0.012,-61.305,92.542,-181.031
-0.541,-0.958,0.056,-58.229,104.107,-180.481
-0.514,-0.925,0.111,-57.328,98.542,-176.489
-0.529,-0.928,0.107,-59.595,81.481,-175.664
-0.450,-0.906,0.079,-65.145,67.832,-180.687
-0.353,-0.897,0.031,-75.397,74.076,-188.183
-0.216,-0.865,-0.047,-93.214,93.840,-190.664
-0.100,-0.854,-0.194,-112.802,114.176,-183.221
-0.036,-0.806,-0.121,-137.634,134.420,-164.931
0.034,-0.837,-0.131,-148.893,142.122,-140.473
0.109,-0.846,-0.247,-154.397,144.176,-121.542
0.212,-0.766,-0.373,-153.069,155.015,-109.344
0.350,-0.662,-0.252,-141.527,146.328,-96.076
0.410,-0.703,-0.155,-123.878,111.504,-68.145
0.263,-0.796,-0.293,-111.176,37.588,-24.023
0.002,-0.871,-0.330,-103.427,-46.076,14.084
-0.207,-1.009,-0.250,-91.145,-105.511,37.328
-0.266,-0.909,-0.461,-83.840,-95.771,43.550
-0.264,-0.888,-0.297,-72.206,-73.832,35.786
-0.147,-0.868,-0.300,-61.748,-39.947,23.634
-0.196,-0.800,-0.279,-50.008,-36.802,15.145
-0.268,-0.805,-0.177,-39.863,-81.244,17.336
-0.245,-0.816,-0.227,-20.038,-111.008,22.130
-0.252,-0.907,-0.251,-0.191,-110.191,22.550
-0.271,-0.903,-0.234,11.046,-122.687,19.878
-0.305,-0.899,-0.233,19.198,-154.634,24.687
-0.327,-0.865,-0.237,24.336,-167.405,33.038
-0.300,-0.896,-0.195,24.473,-171.672,44.405
-0.177,-0.905,-0.091,20.504,-182.397,59.214
-0.161,-0.901,-0.053,8.687,-196.878,74.603
-0.247,-0.907,-0.090,-13.298,-202.939,87.374
-0.431,-0.894,-0.167,-36.382,-210.672,99.244
-0.537,-0.887,-0.213,-54.351,-217.588,107.107
-0.565,-0.840,-0.203,-66.649,-241.321,115.153
-0.609,-0.776,-0.306,-76.832,-250.137,126.206
-0.551,-0.651,-0.309,-84.496,-222.687,136.511
-0.474,-0.685,-0.223,-84.893,-167.198,134.740
-0.607,-0.692,-0.144,-84.824,-115.504,121.115
-1.083,-0.612,-0.236,-104.153,-87.977,107.084
-1.229,-0.748,-0.444,-131.069,-38.664,73.427
-0.959,-0.724,-0.494,-151.206,34.817,24.557
-0.687,-0.608,-0.482,-168.153,92.603,-15.931
-0.420,-0.579,-0.470,-172.069,81.840,-28.282
-0.362,-0.562,-0.422,-158.603,7.611,-14.809
-0.304,-0.456,-0.522,-141.321,-80.489,12.832
-0.387,-0.450,-0.454,-122.603,-149.450,44.779
-0.346,-0.358,-0.445,-106.718,-153.481,59.267
-0.511,-0.416,-0.643,-94.779,-155.366,58.931
-0.639,-0.469,-0.661,-92.473,-165.611,59.328
-0.581,-0.386,-0.561,-87.015,-162.977,53.618
-0.560,-0.316,-0.581,-74.931,-130.786,22.107
-0.593,-0.427,-0.483,-59.351,-131.802,-19.046
-0.566,-0.439,-0.394,-41.718,-204.550,-45.427
-0.559,-0.319,-0.391,-19.427,-250.137,-54.038
-0.732,-0.347,-0.401,12.802,-250.137,-50.969
-0.882,-0.462,-0.398,53.740,-250.137,-51.206
-0.911,-0.500,-0.376,94.450,-250.137,-63.534
-0.888,-0.563,-0.324,124.374,-250.137,-71.069
-0.743,-0.606,-0.234,145.359,-250.137,-67.374
-0.578,-0.628,-0.102,164.771,-250.137,-55.664
-0.530,-0.594,0.085,178.031,-250.137,-39.229
-0.490,-0.477,0.322,186.824,-250.137,-21.076
-0.393,-0.447,0.436,192.061,-250.137,-6.267
-0.540,-0.461,0.502,192.679,-250.137,14.420
-0.600,-0.438,0.569,173.412,-250.137,47.466
-0.793,-0.367,0.795,149.473,-250.137,64.298
-0.874,-0.521,0.860,119.802,-250.137,55.504
-0.868,-0.613,0.772,89.519,-250.137,28.977
-0.810,-0.526,0.814,67.679,-250.137,4.198
-0.714,-0.526,0.884,61.061,-250.137,-13.229
-0.543,-0.475,0.964,65.634,-250.137,-25.595
-0.345,-0.455,0.990,75.878,-250.137,-27.336
-0.252,-0.406,0.967,84.321,-250.137,-21.489
-0.182,-0.386,0.893,88.374,-250.137,-11.992
-0.178,-0.334,0.866,89.695,-250.137,-1.015
-0.188,-0.323,0.918,91.992,-250.137,9.160
-0.182,-0.323,1.015,93.763,-250.137,8.405
-0.143,-0.397,1.112,96.878,-250.137,-2.176
0.001,-0.378,1.153,106.244,-250.137,-14.153
0.096,-0.311,1.206,110.779,-250.137,-19.328
0.318,-0.341,1.120,106.710,-250.137,-24.511
0.214,-0.340,1.068,108.565,-250.137,-46.389
0.276,-0.236,0.995,117.527,-250.137,-63.153
0.286,-0.063,0.987,125.473,-250.137,-70.069
0.531,-0.023,1.030,126.359,-250.137,-55.450
0.643,-0.012,1.178,114.473,-250.137,-25.878
0.740,-0.052,1.180,91.527,-250.137,-0.229
0.748,-0.077,1.089,75.023,-250.137,7.710
0.736,-0.072,0.948,72.687,-250.137,2.496
0.608,-0.052,0.894,72.947,-250.137,-11.557
0.474,-0.147,0.711,68.046,-250.137,-32.756
0.422,-0.135,0.594,65.740,-250.137,-67.756
0.552,-0.113,0.419,60.916,-250.137,-104.725
0.782,0.025,0.285,53.458,-250.137,-135.038
1.046,0.135,0.224,47.130,-250.137,-144.305
1.296,0.262,0.178,45.779,-234.206,-124.962
1.205,0.304,0.250,56.183,-250.137,-90.641
1.120,0.217,0.258,72.969,-250.137,-60.802
1.027,0.168,0.267,90.145,-250.137,-44.435
0.870,0.171,0.215,100.046,-250.137,-42.145
0.822,0.212,0.177,102.427,-250.137,-44.985
0.818,0.224,0.149,99.366,-206.740,-40.450
0.850,0.226,0.078,82.588,-183.336,-26.366
0.910,0.255,0.024,64.374,-155.794,-21.725
0.922,0.230,0.098,52.038,-136.046,-16.847
0.953,0.282,0.162,48.168,-132.611,-16.229
1.024,0.275,0.123,33.290,-135.321,-2.458
1.030,0.155,-0.051,19.069,-112.565,9.183
0.829,0.201,0.020,9.160,-92.832,27.794
0.806,0.195,-0.103,-3.374,-94.634,35.824
0.830,0.212,-0.182,-7.992,-78.672,40.038
0.880,0.125,-0.250,-1.420,-44.908,56.359
0.947,0.096,-0.275,13.298,5.603,78.588
0.993,0.134,-0.295,35.954,61.160,96.908
0.927,0.114,-0.314,48.115,104.076,116.527
0.861,0.062,-0.375,52.038,154.420,131.702
0.720,-0.022,-0.325,44.847,219.550,132.473
0.644,-0.091,-0.184,29.641,246.939,125.656
0.603,-0.085,-0.051,14.649,167.962,110.450
0.772,-0.189,-0.033,23.061,96.153,94.305
0.956,-0.223,-0.001,38.573,89.382,87.137
1.072,-0.107,0.089,37.221,91.573,87.382
1.098,-0.139,0.119,28.542,51.534,90.718
1.098,-0.165,0.211,25.061,16.412,89.145
1.124,-0.120,0.247,21.099,16.977,81.053
1.165,-0.189,0.292,10.893,-1.427,67.344
1.206,-0.189,0.249,-6.817,-15.901,66.290
1.218,-0.194,0.133,-24.038,-21.641,75.183
1.194,-0.244,-0.096,-27.183,-1.473,92.550
1.177,-0.355,-0.167,-15.137,56.565,109.443
1.035,-0.391,-0.076,-2.267,111.679,119.336
0.849,-0.438,-0.043,5.084,145.687,116.397
0.699,-0.505,0.067,12.618,170.481,101.786
0.680,-0.507,0.155,12.679,216.534,83.176
0.648,-0.436,0.176,-1.710,250.130,67.992
0.543,-0.467,0.256,-18.992,250.130,58.397
0.628,-0.606,0.241,-29.382,250.130,61.397
0.428,-0.724,0.515,-49.824,250.130,49.198
0.505,-0.625,0.322,-58.275,250.130,52.901
0.462,-0.487,0.359,-47.931,250.130,40.878
0.543,-0.472,0.435,-16.038,250.130,45.634
0.521,-0.312,0.472,28.290,250.130,61.809
0.317,-0.353,0.695,58.679,250.130,73.893
0.117,-0.484,1.000,66.542,250.130,94.962
-0.080,-0.414,1.148,59.901,250.130,106.206
-0.414,-0.432,1.274,31.649,250.130,99.885
-0.633,-0.447,1.281,5.969,250.130,82.924
-0.743,-0.471,1.244,-14.420,250.130,65.374
-0.665,-0.444,1.065,-21.893,250.130,58.313
-0.580,-0.464,0.856,-1.626,250.130,59.450
-0.658,-0.447,0.753,25.328,250.130,69.374
-0.755,-0.412,0.744,44.595,250.130,82.580
-0.902,-0.436,0.781,54.099,250.130,92.450
-1.065,-0.406,0.873,44.038,250.130,95.443
-1.174,-0.353,0.853,26.878,250.130,92.107
-1.334,-0.311,0.864,7.344,250.130,78.992
-1.307,-0.324,0.770,-15.214,250.130,77.427
-1.479,-0.253,0.534,-23.366,250.130,62.069
-1.592,-0.299,0.334,-6.443,250.130,37.634
-1.481,-0.254,0.300,0.450,199.435,21.275
-1.401,-0.289,0.119,3.504,185.733,17.069
-1.417,-0.288,0.036,4.893,191.321,10.718
-1.377,-0.303,0.028,-0.344,213.885,-1.702
-1.320,-0.307,-0.017,-10.305,244.939,-13.855
-1.280,-0.336,0.006,-24.756,250.130,-22.863
-1.240,-0.307,-0.066,-40.672,250.130,-32.763
-1.163,-0.287,-0.156,-51.527,234.824,-37.176
-1.065,-0.250,-0.363,-49.313,199.099,-33.885
-1.093,-0.362,-0.465,-26.786,170.565,-36.710
-1.067,-0.340,-0.466,-3.374,148.702,-41.038
-1.075,-0.339,-0.425,18.710,155.534,-51.000
-1.109,-0.307,-0.337,25.122,160.710,-64.107
-1.067,-0.322,-0.343,19.863,163.580,-82.977
-0.898,-0.263,-0.319,10.092,168.603,-95.626
-0.752,-0.287,-0.307,-2.015,156.542,-92.366
-0.673,-0.291,-0.398,-9.718,158.763,-76.496
-0.714,-0.309,-0.431,-13.779,172.557,-62.450
-0.711,-0.377,-0.501,-14.206,193.221,-56.832
-0.657,-0.344,-0.511,-18.481,205.443,-50.542
-0.711,-0.381,-0.428,-24.153,201.031,-40.076
-0.740,-0.415,-0.523,-21.794,185.901,-34.450
-0.769,-0.385,-0.511,-34.832,207.672,-40.206
-0.660,-0.427,-0.637,-24.130,184.084,-47.000
-0.649,-0.499,-0.579,-18.733,157.695,-51.168
-0.531,-0.417,-0.683,-7.420,139.527,-48.679
-0.528,-0.420,-0.669,3.611,117.588,-45.595
-0.520,-0.433,-0.687,13.679,96.779,-43.366
-0.468,-0.432,-0.718,23.008,83.794,-42.824
-0.450,-0.430,-0.702,29.443,81.870,-42.191
-0.464,-0.434,-0.666,28.710,83.977,-42.099
-0.462,-0.392,-0.696,24.336,88.366,-43.695
-0.386,-0.448,-0.664,23.313,96.397,-48.466
-0.325,-0.392,-0.653,19.420,81.977,-50.183
-0.249,-0.399,-0.667,20.977,69.458,-45.924
-0.190,-0.387,-0.663,23.863,59.321,-38.359
-0.109,-0.403,-0.615,27.290,46.718,-30.664
-0.074,-0.396,-0.555,28.397,24.855,-20.664
-0.070,-0.385,-0.601,27.771,-8.748,-8.733
-0.077,-0.385,-0.637,31.893,-33.229,4.458
-0.118,-0.383,-0.650,37.893,-45.687,17.412
-0.174,-0.350,-0.586,41.489,-58.351,28.244
-0.109,-0.351,-0.542,47.229,-72.176,31.519
-0.170,-0.411,-0.537,54.137,-106.053,38.458
-0.180,-0.433,-0.586,62.092,-149.855,47.168
-0.275,-0.413,-0.567,69.382,-199.466,62.534
-0.361,-0.419,-0.539,78.618,-241.947,77.053
-0.476,-0.461,-0.502,94.115,-250.137,83.649
-0.675,-0.487,-0.446,107.702,-236.168,83.939
-0.716,-0.464,-0.374,116.496,-181.863,80.924
-0.725,-0.481,-0.251,118.450,-149.321,67.595
-0.651,-0.415,-0.206,113.031,-158.595,43.237
-0.580,-0.382,-0.197,110.954,-187.756,11.954
-0.596,-0.502,-0.216,112.969,-243.802,-9.183
-0.606,-0.563,-0.207,120.824,-250.137,-19.641
-0.652,-0.578,-0.153,138.794,-250.137,-22.809
-0.698,-0.618,-0.002,167.588,-250.137,-19.466
-0.738,-0.661,0.135,198.618,-250.137,-17.718
-0.702,-0.656,0.257,223.244,-250.137,-20.336
-0.653,-0.646,0.297,240.137,-250.137,-27.977
-0.567,-0.509,0.115,226.809,-250.137,-25.748
-0.611,-0.512,0.483,186.855,-250.137,-13.412
-0.552,-0.562,0.368,159.969,-250.137,1.588
-0.684,-0.579,0.708,143.229,-250.137,10.275
-0.689,-0.545,0.846,128.710,-250.137,12.420
-0.566,-0.522,0.839,115.779,-250.137,13.344
-0.470,-0.523,0.766,100.992,-250.137,16.282
-0.492,-0.522,0.841,92.084,-250.137,21.985
-0.459,-0.538,0.662,93.328,-250.137,22.710
-0.510,-0.555,0.723,106.977,-250.137,17.885
-0.457,-0.552,0.749,124.145,-250.137,7.588
-0.292,-0.523,0.648,139.168,-250.137,-5.916
-0.218,-0.483,0.803,141.908,-250.137,-17.046
-0.061,-0.367,0.865,139.290,-250.137,-23.336
0.003,-0.377,1.145,133.412,-250.137,-26.626
0.139,-0.308,1.069,118.756,-250.137,-21.840
0.126,-0.344,1.244,101.351,-250.137,-14.092
0.172,-0.388,1.181,82.115,-250.137,-14.824
0.235,-0.356,1.010,68.870,-250.137,-23.756
